<keymap version="1" name="macOS copy" parent="Mac OS X 10.5+">
  <action id="$Copy">
    <keyboard-shortcut first-keystroke="meta c" />
  </action>
  <action id="$Cut" />
  <action id="$Delete">
    <keyboard-shortcut first-keystroke="delete" />
    <keyboard-shortcut first-keystroke="back_space" />
  </action>
  <action id="$Paste">
    <keyboard-shortcut first-keystroke="meta v" />
  </action>
  <action id="$Redo">
    <keyboard-shortcut first-keystroke="meta y" />
  </action>
  <action id="ActivateBookmarksToolWindow" />
  <action id="ActivateCommitToolWindow" />
  <action id="ActivateDebugToolWindow" />
  <action id="ActivateFindToolWindow" />
  <action id="ActivateProblemsViewToolWindow" />
  <action id="ActivateProjectToolWindow" />
  <action id="ActivateRunToolWindow" />
  <action id="ActivateServicesToolWindow" />
  <action id="ActivateStructureToolWindow" />
  <action id="ActivateTerminalToolWindow" />
  <action id="ActivateVersionControlToolWindow" />
  <action id="Adtui.ZoomToActualAction" />
  <action id="Adtui.ZoomToFitAction" />
  <action id="Android.Designer.AddAction" />
  <action id="Android.Designer.AddDeepLink" />
  <action id="Android.Designer.AssignStartDestination" />
  <action id="Android.Designer.AutoArrange" />
  <action id="Android.Designer.CommonActions.ForceCompileAndRefreshActionForNotification" />
  <action id="Android.Designer.ForceRefreshPreview" />
  <action id="Android.Designer.IssueNotificationAction" />
  <action id="Android.Designer.NextDevice" />
  <action id="Android.Designer.PreviousDevice" />
  <action id="Android.Designer.SwitchDesignMode" />
  <action id="Android.Designer.ToggleDeviceNightMode" />
  <action id="Android.Designer.ToggleDeviceOrientation" />
  <action id="Android.SyncProject" />
  <action id="Arrangement.Alias.Rule.Add" />
  <action id="Arrangement.Rule.Add" />
  <action id="Arrangement.Rule.Edit" />
  <action id="Arrangement.Rule.Match.Condition.Move.Down" />
  <action id="Arrangement.Rule.Match.Condition.Move.Up" />
  <action id="AutoIndentLines" />
  <action id="Back" />
  <action id="BookmarksView.Create" />
  <action id="BookmarksView.Rename" />
  <action id="BraceOrQuoteOut" />
  <action id="CIDR.Debugger.JumpToDebuggerConsole" />
  <action id="CIDR.Debugger.ShowInMemoryView" />
  <action id="CIDR.Lang.Cpp.GenerateDefinitions" />
  <action id="CIDR.Lang.ImportsHierarchy" />
  <action id="CIDR.Lang.IntroduceConstant" />
  <action id="CIDR.Lang.IntroduceDefine" />
  <action id="CIDR.Lang.IntroduceParameter" />
  <action id="CIDR.Lang.IntroduceTypedef" />
  <action id="CIDR.Lang.IntroduceVariable" />
  <action id="CIDR.Lang.ObjC.IntroduceIvar" />
  <action id="CIDR.Lang.ObjC.IntroduceProperty" />
  <action id="CIDR.Lang.SwitchHeaderSource" />
  <action id="CallHierarchy" />
  <action id="CallInlineCompletionAction" />
  <action id="ChangeSignature" />
  <action id="ChangeTypeSignature" />
  <action id="ChangesView.AddUnversioned" />
  <action id="ChangesView.GroupBy.Directory" />
  <action id="ChangesView.GroupBy.Module" />
  <action id="ChangesView.Move" />
  <action id="ChangesView.Rename" />
  <action id="ChangesView.Revert" />
  <action id="ChangesView.ShelveSilently" />
  <action id="ChangesView.UnshelveSilently" />
  <action id="CheckinProject" />
  <action id="ChooseDebugConfiguration" />
  <action id="ChooseRunConfiguration" />
  <action id="ClassNameCompletion" />
  <action id="CloseActiveTab" />
  <action id="CloseContent" />
  <action id="Code.Review.Editor.New.Comment" />
  <action id="CodeCompletion" />
  <action id="CodeFloatingToolbar.GotoNextMenu" />
  <action id="CodeFloatingToolbar.GotoPrevMenu" />
  <action id="CodeInspection.OnEditor" />
  <action id="CollapseAllRegions" />
  <action id="CollapseBlock" />
  <action id="CollapseExpandableComponent" />
  <action id="CollapseRegion" />
  <action id="CollapseRegionRecursively" />
  <action id="CollapseSelection" />
  <action id="CollapseTreeNode" />
  <action id="CollapsiblePanel-toggle" />
  <action id="CompareTwoFiles" />
  <action id="CompileDirty" />
  <action id="Compose.Live.Edit.ManualLiveEdit" />
  <action id="Console.Execute.Multiline" />
  <action id="Console.History.Browse" />
  <action id="Console.Open" />
  <action id="ContextHelp" />
  <action id="ConvertJavaToKotlin" />
  <action id="CopyElement" />
  <action id="CopyPaths" />
  <action id="CopyReference" />
  <action id="DebugClass" />
  <action id="DeviceAndSnapshotComboBox" />
  <action id="Diff.ApplyLeftSide" />
  <action id="Diff.ApplyRightSide" />
  <action id="Diff.FocusOppositePane" />
  <action id="Diff.NextChange" />
  <action id="Diff.PrevChange" />
  <action id="Diff.ShowDiff" />
  <action id="Diff.ShowSettingsPopup" />
  <action id="DirDiffMenu.SynchronizeDiff.All" />
  <action id="DomCollectionControl.Add" />
  <action id="DumpLookupElementWeights" />
  <action id="DumpMLCompletionFeatures" />
  <action id="EditBreakpoint" />
  <action id="EditPropertyValue" />
  <action id="EditSource" />
  <action id="EditSourceInNewWindow" />
  <action id="Editor Redo">
    <keyboard-shortcut first-keystroke="meta y" />
  </action>
  <action id="EditorAddCaretPerSelectedLine" />
  <action id="EditorAddOrRemoveCaret" />
  <action id="EditorAddRectangularSelectionOnMouseDrag" />
  <action id="EditorBackSpace">
    <keyboard-shortcut first-keystroke="back_space" />
  </action>
  <action id="EditorChooseLookupItemDot" />
  <action id="EditorChooseLookupItemReplace" />
  <action id="EditorCodeBlockEnd" />
  <action id="EditorCodeBlockEndWithSelection" />
  <action id="EditorCodeBlockStart" />
  <action id="EditorCodeBlockStartWithSelection" />
  <action id="EditorCompleteStatement" />
  <action id="EditorContextInfo" />
  <action id="EditorCreateRectangularSelection" />
  <action id="EditorCreateRectangularSelectionOnMouseDrag" />
  <action id="EditorCutLineEnd" />
  <action id="EditorDecreaseFontSizeGlobal" />
  <action id="EditorDeleteLine" />
  <action id="EditorDeleteToWordEnd" />
  <action id="EditorDeleteToWordStart" />
  <action id="EditorDown">
    <keyboard-shortcut first-keystroke="down" />
  </action>
  <action id="EditorDownWithSelection" />
  <action id="EditorDuplicate" />
  <action id="EditorFocusGutter" />
  <action id="EditorIncreaseFontSizeGlobal" />
  <action id="EditorJoinLines" />
  <action id="EditorLeft">
    <keyboard-shortcut first-keystroke="left" />
  </action>
  <action id="EditorLeftWithSelection" />
  <action id="EditorLineEnd" />
  <action id="EditorLineEndWithSelection" />
  <action id="EditorLineStart" />
  <action id="EditorLineStartWithSelection" />
  <action id="EditorMatchBrace" />
  <action id="EditorMoveToPageBottom" />
  <action id="EditorMoveToPageBottomWithSelection" />
  <action id="EditorMoveToPageTop" />
  <action id="EditorMoveToPageTopWithSelection" />
  <action id="EditorNextWord" />
  <action id="EditorNextWordWithSelection" />
  <action id="EditorPageDownWithSelection" />
  <action id="EditorPageUpWithSelection" />
  <action id="EditorPasteFromX11" />
  <action id="EditorPasteSimple" />
  <action id="EditorPreviousWord" />
  <action id="EditorPreviousWordWithSelection" />
  <action id="EditorRight">
    <keyboard-shortcut first-keystroke="right" />
  </action>
  <action id="EditorRightWithSelection" />
  <action id="EditorScrollToCenter" />
  <action id="EditorSelectWord" />
  <action id="EditorShowGutterIconTooltip" />
  <action id="EditorSplitLine" />
  <action id="EditorStartNewLine" />
  <action id="EditorStartNewLineBefore" />
  <action id="EditorTextEnd" />
  <action id="EditorTextEndWithSelection" />
  <action id="EditorTextStart" />
  <action id="EditorTextStartWithSelection" />
  <action id="EditorToggleCase" />
  <action id="EditorToggleColumnMode" />
  <action id="EditorToggleInsertState" />
  <action id="EditorUnSelectWord" />
  <action id="EditorUnindentSelection" />
  <action id="EditorUp">
    <keyboard-shortcut first-keystroke="up" />
  </action>
  <action id="EditorUpWithSelection" />
  <action id="EmmetNextEditPoint" />
  <action id="EmmetPreviousEditPoint" />
  <action id="EmojiAndSymbols" />
  <action id="EvaluateExpression" />
  <action id="Exit" />
  <action id="ExpandAllRegions" />
  <action id="ExpandAllToLevel1" />
  <action id="ExpandAllToLevel2" />
  <action id="ExpandAllToLevel3" />
  <action id="ExpandAllToLevel4" />
  <action id="ExpandAllToLevel5" />
  <action id="ExpandExpandableComponent" />
  <action id="ExpandRegion" />
  <action id="ExpandRegionRecursively" />
  <action id="ExpandToLevel1" />
  <action id="ExpandToLevel2" />
  <action id="ExpandToLevel3" />
  <action id="ExpandToLevel4" />
  <action id="ExpandToLevel5" />
  <action id="ExpandTreeNode" />
  <action id="ExportToTextFile" />
  <action id="ExpressionTypeInfo" />
  <action id="ExternalJavaDoc" />
  <action id="ExternalSystem.DetachProject">
    <keyboard-shortcut first-keystroke="delete" />
    <keyboard-shortcut first-keystroke="back_space" />
  </action>
  <action id="ExternalSystem.ProjectRefreshAction" />
  <action id="ExtractFunctionToScope" />
  <action id="ExtractMethod" />
  <action id="FileChooser.GoToParent" />
  <action id="FileChooser.GoToRoot" />
  <action id="FileChooser.GotoDesktop" />
  <action id="FileChooser.GotoHome" />
  <action id="FileChooser.GotoModule" />
  <action id="FileChooser.GotoProject" />
  <action id="FileChooser.NewFolder">
    <keyboard-shortcut first-keystroke="meta n" />
  </action>
  <action id="FileChooser.TogglePathBar" />
  <action id="FileStructurePopup" />
  <action id="FindInPath" />
  <action id="FindNext" />
  <action id="FindPrevious" />
  <action id="FindUsages" />
  <action id="FindUsagesInFile" />
  <action id="Flutter.ExtractWidget" />
  <action id="Flutter.Toolbar.ReloadAction">
    <keyboard-shortcut first-keystroke="ctrl s" />
  </action>
  <action id="Flutter.Toolbar.ReloadAllAction" />
  <action id="Flutter.Toolbar.RestartAction">
    <keyboard-shortcut first-keystroke="shift ctrl s" />
  </action>
  <action id="Flutter.Toolbar.RestartAllAction" />
  <action id="ForceRefresh" />
  <action id="ForceRunToCursor" />
  <action id="ForceStepInto" />
  <action id="ForceStepOver" />
  <action id="Forward" />
  <action id="FullyExpandTreeNode" />
  <action id="Generate" />
  <action id="Git.Commit.And.Push.Executor" />
  <action id="Git.Log.Branches.Change.Branch.Filter" />
  <action id="Git.New.Branch.In.Log" />
  <action id="Git.Rename.Local.Branch" />
  <action id="Git.Reword.Commit" />
  <action id="GitNewBranchAction" />
  <action id="GotoAction" />
  <action id="GotoBookmark0" />
  <action id="GotoBookmark1" />
  <action id="GotoBookmark2" />
  <action id="GotoBookmark3" />
  <action id="GotoBookmark4" />
  <action id="GotoBookmark5" />
  <action id="GotoBookmark6" />
  <action id="GotoBookmark7" />
  <action id="GotoBookmark8" />
  <action id="GotoBookmark9" />
  <action id="GotoClass" />
  <action id="GotoCustomRegion" />
  <action id="GotoFile" />
  <action id="GotoImplementation" />
  <action id="GotoLine" />
  <action id="GotoNextElementUnderCaretUsage" />
  <action id="GotoNextError" />
  <action id="GotoPrevElementUnderCaretUsage" />
  <action id="GotoPreviousError" />
  <action id="GotoRelated" />
  <action id="GotoSuperMethod" />
  <action id="GotoSymbol" />
  <action id="GotoTest" />
  <action id="GotoTypeDeclaration" />
  <action id="Hg.Commit.And.Push.Executor" />
  <action id="HideActiveWindow" />
  <action id="HideAllWindows" />
  <action id="HighlightUsagesInFile" />
  <action id="HippieBackwardCompletion" />
  <action id="HippieCompletion" />
  <action id="Images.EditExternally" />
  <action id="Images.Editor.ActualSize" />
  <action id="Images.Editor.ToggleGrid" />
  <action id="Images.Thumbnails.EnterAction" />
  <action id="Images.Thumbnails.Hide" />
  <action id="Images.Thumbnails.ToggleRecursive" />
  <action id="Images.Thumbnails.UpFolder" />
  <action id="ImplementMethods" />
  <action id="Inline" />
  <action id="InsertLiveTemplate" />
  <action id="IntroduceConstant" />
  <action id="IntroduceField" />
  <action id="IntroduceFunctionalParameter" />
  <action id="IntroduceParameter" />
  <action id="IntroduceTypeAlias" />
  <action id="IntroduceVariable" />
  <action id="JumpToLastChange" />
  <action id="JumpToLastWindow" />
  <action id="Kotlin.RunScratch" />
  <action id="KotlinShellExecute" />
  <action id="MaintenanceAction" />
  <action id="MakeGradleProject" />
  <action id="MakeModule" />
  <action id="Markdown.Styling.CreateLink" />
  <action id="MaximizeToolWindow" />
  <action id="MergeAllWindowsAction">
    <keyboard-shortcut first-keystroke="alt equals" />
  </action>
  <action id="MethodDown" />
  <action id="MethodHierarchy" />
  <action id="MethodOverloadSwitchDown" />
  <action id="MethodOverloadSwitchUp" />
  <action id="MethodUp" />
  <action id="MinimizeCurrentWindow" />
  <action id="Move" />
  <action id="NewElement">
    <keyboard-shortcut first-keystroke="ctrl enter" />
  </action>
  <action id="NewElementSamePlace" />
  <action id="NewScratchFile" />
  <action id="NextDiff" />
  <action id="NextEditorTab" />
  <action id="NextInlineCompletionSuggestionAction" />
  <action id="NextOccurence" />
  <action id="NextProjectWindow" />
  <action id="NextSplitter" />
  <action id="NextTab">
    <keyboard-shortcut first-keystroke="ctrl right" />
  </action>
  <action id="NextWindow" />
  <action id="OpenInRightSplit">
    <mouse-shortcut keystroke="alt button1 doubleClick" />
  </action>
  <action id="OverrideMethods" />
  <action id="ParameterInfo" />
  <action id="PasteMultiple" />
  <action id="PopupHector" />
  <action id="PrevInlineCompletionSuggestionAction" />
  <action id="PrevParameter" />
  <action id="PrevSplitter" />
  <action id="PreviousDiff" />
  <action id="PreviousEditorTab" />
  <action id="PreviousOccurence" />
  <action id="PreviousProjectWindow" />
  <action id="PreviousTab">
    <keyboard-shortcut first-keystroke="ctrl left" />
  </action>
  <action id="PreviousTemplateVariable" />
  <action id="PreviousWindow" />
  <action id="QuickChangeScheme" />
  <action id="QuickEvaluateExpression">
    <mouse-shortcut keystroke="alt button1" />
  </action>
  <action id="QuickImplementations" />
  <action id="QuickJavaDoc" />
  <action id="RecentChanges" />
  <action id="RecentFiles" />
  <action id="RecentLocations" />
  <action id="Refactorings.QuickListPopupAction" />
  <action id="ReformatCode" />
  <action id="RemoteServers.EditServerConfig" />
  <action id="RenameElement">
    <keyboard-shortcut first-keystroke="meta x" />
  </action>
  <action id="Replace" />
  <action id="ReplaceInPath" />
  <action id="RerunTests" />
  <action id="ResetIdeScaleAction" />
  <action id="ResizeToolWindowDown" />
  <action id="ResizeToolWindowLeft" />
  <action id="ResizeToolWindowRight" />
  <action id="ResizeToolWindowUp" />
  <action id="ResourceExplorer.show" />
  <action id="RestoreDefaultLayout" />
  <action id="Resume" />
  <action id="Run">
    <keyboard-shortcut first-keystroke="ctrl s" />
  </action>
  <action id="RunClass" />
  <action id="RunDashboard.Debug" />
  <action id="RunDashboard.EditConfiguration" />
  <action id="RunDashboard.Run" />
  <action id="RunInspection" />
  <action id="RunToCursor">
    <mouse-shortcut keystroke="Force touch" />
  </action>
  <action id="SafeDelete" />
  <action id="SelectAllOccurrences" />
  <action id="SelectIn" />
  <action id="SelectNextOccurrence" />
  <action id="SelectVirtualTemplateElement" />
  <action id="SendEOF" />
  <action id="ServiceView.GroupByContributor" />
  <action id="ServiceView.ShowServices" />
  <action id="ShelveChanges.UnshelveWithDialog" />
  <action id="ShelvedChanges.Rename" />
  <action id="ShowBookmarks" />
  <action id="ShowContent" />
  <action id="ShowErrorDescription" />
  <action id="ShowExecutionPoint" />
  <action id="ShowFilePath" />
  <action id="ShowFilterPopup" />
  <action id="ShowIntentionActions">
    <keyboard-shortcut first-keystroke="meta enter" />
  </action>
  <action id="ShowNavBar" />
  <action id="ShowProjectStructureSettings" />
  <action id="ShowRecentTests" />
  <action id="ShowReformatFileDialog" />
  <action id="ShowSettings" />
  <action id="ShowSettingsAndFindUsages" />
  <action id="ShowTypeBookmarks" />
  <action id="ShowUsages" />
  <action id="SmartStepInto" />
  <action id="SmartTypeCompletion" />
  <action id="SplitChooser" />
  <action id="SplitChooser.Duplicate" />
  <action id="SplitChooser.NextWindow" />
  <action id="SplitChooser.PreviousWindow" />
  <action id="StepInto" />
  <action id="StepOut" />
  <action id="StepOver" />
  <action id="Stop" />
  <action id="StopBackgroundProcesses" />
  <action id="SurroundWith" />
  <action id="SurroundWithLiveTemplate" />
  <action id="SwitchCoverage" />
  <action id="Switcher" />
  <action id="SwitcherIterateItems" />
  <action id="SwitcherRecentEditedChangedToggleCheckBox" />
  <action id="Synchronize" />
  <action id="Terminal.ClearBuffer" />
  <action id="Terminal.ClearPrompt" />
  <action id="Terminal.CloseSession" />
  <action id="Terminal.CloseTab" />
  <action id="Terminal.CopySelectedText">
    <keyboard-shortcut first-keystroke="meta c" />
  </action>
  <action id="Terminal.DeletePreviousWord" />
  <action id="Terminal.Paste">
    <keyboard-shortcut first-keystroke="meta v" />
  </action>
  <action id="Terminal.SearchInCommandHistory" />
  <action id="Terminal.SelectLastBlock" />
  <action id="Terminal.SelectPrompt" />
  <action id="Terminal.SmartCommandExecution.Debug" />
  <action id="Terminal.SmartCommandExecution.Run" />
  <action id="TextSearchAction" />
  <action id="TodoViewGroupByFlattenPackage" />
  <action id="TodoViewGroupByShowModules" />
  <action id="TodoViewGroupByShowPackages" />
  <action id="ToggleBookmark" />
  <action id="ToggleBookmark0" />
  <action id="ToggleBookmark1" />
  <action id="ToggleBookmark2" />
  <action id="ToggleBookmark3" />
  <action id="ToggleBookmark4" />
  <action id="ToggleBookmark5" />
  <action id="ToggleBookmark6" />
  <action id="ToggleBookmark7" />
  <action id="ToggleBookmark8" />
  <action id="ToggleBookmark9" />
  <action id="ToggleBookmarkWithMnemonic" />
  <action id="ToggleFindInSelection" />
  <action id="ToggleFullScreen" />
  <action id="ToggleLineBreakpoint" />
  <action id="ToggleRenderedDocPresentation" />
  <action id="ToggleTemporaryLineBreakpoint" />
  <action id="Tree-startEditing" />
  <action id="TypeHierarchy" />
  <action id="UnselectPreviousOccurrence" />
  <action id="Unwrap" />
  <action id="UpdateRunningApplication" />
  <action id="UsageFiltering.Imports" />
  <action id="UsageFiltering.ReadAccess" />
  <action id="UsageFiltering.WriteAccess" />
  <action id="UsageGrouping.Directory" />
  <action id="UsageGrouping.DirectoryStructure" />
  <action id="UsageGrouping.FileStructure" />
  <action id="UsageGrouping.FlattenModules" />
  <action id="UsageGrouping.Module" />
  <action id="UsageGrouping.Package" />
  <action id="UsageGrouping.UsageType" />
  <action id="UsageView.Include" />
  <action id="Vcs.CombinedDiff.ToggleCollapseBlock" />
  <action id="Vcs.Log.FocusTextFilter" />
  <action id="Vcs.Log.GoToChild" />
  <action id="Vcs.Log.GoToParent" />
  <action id="Vcs.Log.GoToRef" />
  <action id="Vcs.MoveChangedLinesToChangelist" />
  <action id="Vcs.Push" />
  <action id="Vcs.QuickListPopupAction" />
  <action id="Vcs.RollbackChangedLines" />
  <action id="Vcs.ShowMessageHistory" />
  <action id="Vcs.ToggleAmendCommitMode" />
  <action id="Vcs.UpdateProject" />
  <action id="VcsHistory.ShowAllAffected" />
  <action id="VcsShowNextChangeMarker" />
  <action id="VcsShowPrevChangeMarker" />
  <action id="ViewBreakpoints" />
  <action id="ViewSource" />
  <action id="WebOpenInAction" />
  <action id="XDebugger.AttachToProcess" />
  <action id="XDebugger.JumpToTypeSource" />
  <action id="XDebugger.MoveWatchDown" />
  <action id="XDebugger.MoveWatchUp" />
  <action id="XDebugger.NewWatch" />
  <action id="XDebugger.SetValue" />
  <action id="ZoomCurrentWindow" />
  <action id="ZoomInIdeAction" />
  <action id="ZoomOutIdeAction" />
  <action id="android.deploy.ApplyChanges">
    <keyboard-shortcut first-keystroke="ctrl s" />
  </action>
  <action id="android.deploy.CodeSwap">
    <keyboard-shortcut first-keystroke="shift ctrl meta e" />
  </action>
  <action id="android.device.back.button" />
  <action id="android.device.home.button" />
  <action id="android.device.overview.button" />
  <action id="android.device.power.and.volume.up.button" />
  <action id="android.device.power.button" />
  <action id="android.device.rotate.left" />
  <action id="android.device.rotate.right" />
  <action id="android.device.screen.record" />
  <action id="android.device.screenshot" />
  <action id="android.device.sleep" />
  <action id="android.device.volume.down.button" />
  <action id="android.device.volume.up.button" />
  <action id="android.device.wear1.button" />
  <action id="android.device.wear2.button" />
  <action id="android.emulator.display.mode.foldable" />
  <action id="android.emulator.display.mode.phone" />
  <action id="android.emulator.display.mode.tablet" />
  <action id="android.emulator.tilt" />
  <action id="context.clear" />
  <action id="hg4idea.QFold" />
  <action id="hg4idea.QGotoFromPatches" />
  <action id="hg4idea.QPushAction" />
  <action id="hg4idea.add" />
  <action id="org.intellij.plugins.markdown.ui.actions.styling.InsertImageAction" />
  <action id="org.intellij.plugins.markdown.ui.actions.styling.ToggleBoldAction" />
  <action id="org.intellij.plugins.markdown.ui.actions.styling.ToggleCodeSpanAction" />
  <action id="org.intellij.plugins.markdown.ui.actions.styling.ToggleItalicAction" />
  <action id="org.intellij.plugins.markdown.ui.actions.styling.ToggleStrikethroughAction" />
  <action id="runShellFileAction" />
  <action id="sml.studiobot.custom.transform" />
  <action id="tasks.close" />
  <action id="tasks.goto" />
  <action id="tasks.open.in.browser" />
  <action id="tasks.switch" />
</keymap>