<application>
  <component name="AndroidLogcatFilterHistory">
    <option name="favorites">
      <list>
        <option value="System.out" />
      </list>
    </option>
    <option name="mostRecentlyUsed" value="System.out" />
    <option name="nonFavorites">
      <list>
        <option value="SecondVM:" />
        <option value="WindowManager" />
        <option value="com.kotlin_android_dev" />
        <option value="Main" />
        <option value="IS:INFO " />
        <option value="package:com.android_template_for_lamm_kotlin" />
        <option value="AppVM" />
        <option value="SecondVM" />
        <option value="MainVM" />
        <option value="package:for_lamm_kotlin" />
      </list>
    </option>
  </component>
</application>