<application>
  <component name="FileTypeManager" version="19">
    <extensionMap>
      <mapping pattern="LICENSE" type="AUTO_DETECTED" />
      <mapping ext="gradle.kts" type="Kotlin" />
      <mapping ext="main.kts" type="Kotlin" />
      <mapping pattern="configA" type="PLAIN_TEXT" />
      <mapping pattern="dsdd" type="PLAIN_TEXT" />
      <mapping pattern="ss" type="PLAIN_TEXT" />
      <mapping pattern="aa" type="PLAIN_TEXT" />
      <mapping pattern="c" type="PLAIN_TEXT" />
      <mapping pattern="w" type="PLAIN_TEXT" />
      <mapping pattern="config" type="PLAIN_TEXT" />
      <mapping ext="db" type="PLAIN_TEXT" />
      <mapping ext="keystore" type="PLAIN_TEXT" />
      <mapping ext="db-journal" type="SQL" />
      <mapping pattern="google_maps_api" type="XML" />
      <mapping pattern="dialog_add_edit_ppk" type="XML" />
      <removed_mapping ext="apk" approved="true" type="ARCHIVE" />
      <removed_mapping ext="bat" approved="true" type="Bat" />
      <removed_mapping ext="cmd" approved="true" type="Cmd" />
      <removed_mapping ext="psd" approved="true" type="Image" />
      <removed_mapping pattern="pubspec.lock" approved="true" type="YAML" />
      <mapping ext="db-journal" type="SQL" />
    </extensionMap>
  </component>
</application>