<application>
  <component name="IntentionManagerSettings">
    <ignoreAction name="Language Injection/Inject language or reference" />
    <ignoreAction name="Android/Create onClick event handler" />
    <ignoreAction name="Android/Override Resource in Other Configuration..." />
    <ignoreAction name="Other/Flip ','" />
    <ignoreAction name="Java/Strings/Copy String Concatenation Text to the Clipboard" />
    <ignoreAction name="Java/Declaration/Split Declaration" />
    <ignoreAction name="Java/Declaration/Implement abstract class or interface" />
    <ignoreAction name="Java/Declaration/Unimplement Interface/Class" />
    <ignoreAction name="Java/Annotations/Add Annotation" />
    <ignoreAction name="Java/Declaration/Bind parameters to fields" />
    <ignoreAction name="Java/Refactorings/Introduce local variable" />
    <ignoreAction name="Java/Boolean/Flip Comparison" />
    <ignoreAction name="Java/Declaration/Generate overloaded method with default parameter values" />
    <ignoreAction name="Java/Annotations/Edit method contract" />
    <ignoreAction name="Java/Imports/Add Single-Member Static Import" />
    <ignoreAction name="Java/Other/Make Call Chain Into Call Sequence" />
    <ignoreAction name="Android/Extract string resource" />
    <ignoreAction name="Java/Declaration/Convert Interface to Class" />
    <ignoreAction name="XML/Rearrange tag attributes" />
    <ignoreAction name="Kotlin/Add import for member" />
    <ignoreAction name="Kotlin/Specify type explicitly" />
    <ignoreAction name="Kotlin/Replace with block comment" />
    <ignoreAction name="Language Injection/Edit Injected Fragment" />
    <ignoreAction name="Kotlin/Import members with '*'" />
    <ignoreAction name="Kotlin/Introduce local variable" />
    <ignoreAction name="Kotlin/Introduce import alias" />
    <ignoreAction name="Kotlin/Extract declaration from current file" />
    <ignoreAction name="Kotlin/Remove braces" />
    <ignoreAction name="Kotlin/Add names to call arguments" />
    <ignoreAction name="Kotlin/Enable/disable a trailing comma in the formatter" />
    <ignoreAction name="Language injection/Edit injected fragment" />
    <ignoreAction name="Kotlin/Expand boolean expression to 'if else'" />
    <ignoreAction name="Kotlin/Put arguments on separate lines" />
    <ignoreAction name="Kotlin/Add braces" />
    <ignoreAction name="Android/Add library dependency" />
    <ignoreAction name="Groovy/Declaration/Groovy Introduce local variable" />
    <ignoreAction name="Dart/Quick assist powered by the Dart Analysis Server" />
    <ignoreAction name="Language injection/Inject language or reference" />
    <ignoreAction name="Other/Rollback changes in current line" />
  </component>
</application>