<application>
  <component name="BuildProcessSatisfactionSurveyStore">
    <option name="daysWithGradleBuilds" value="21" />
    <option name="firstKotlinGradleBuildTime" value="1733299828" />
    <option name="lastKotlinGradleBuildTime" value="1743582116" />
    <option name="nextCountedGradleBuild" value="1743668494" />
  </component>
  <component name="KotlinNewUserTracker">
    <option name="firstKtFileOpened" value="1733302996" />
    <option name="lastKtFileOpened" value="1743697408" />
    <option name="newKtUserSince" value="1733302996" />
  </component>
</application>