<application>
  <component name="ParameterNameHintsSettings">
    <blacklists>
      <blacklist language="Kotlin">
        <added pattern="androidx.navigation.Navigation.findNavController(view)" />
        <added pattern="android.widget.Toast.makeText(context,text,duration)" />
      </blacklist>
    </blacklists>
    <option id="SHOW_PROPERTY_HINT" value="true" />
    <option id="SHOW_LOCAL_VARIABLE_HINT" value="true" />
    <option id="SHOW_FUNCTION_HINT" value="true" />
    <option id="SHOW_PARAMETER_TYPE_HINT" value="true" />
  </component>
</application>