<application>
  <component name="Trusted.Paths">
    <option name="TRUSTED_PROJECT_PATHS">
      <map>
        <entry key="$USER_HOME$/AndroidStudioProjects/MyApplication" value="true" />
        <entry key="$USER_HOME$/Developer/Projects" value="true" />
        <entry key="$USER_HOME$/Developer/Projects/Android-Jetpack-Compose---Demo-Hello-World" value="true" />
        <entry key="$USER_HOME$/Developer/Projects/JetNews" value="true" />
        <entry key="$USER_HOME$/Developer/Projects/dev" value="true" />
        <entry key="$USER_HOME$/Developer/Projects/dev/dart_mobile_dev" value="true" />
        <entry key="$USER_HOME$/Developer/Projects/dev/kotlin_android_dev" value="true" />
        <entry key="$USER_HOME$/Developer/Projects/dev/kotlin_android_template_for_lamm_kotlin" value="true" />
        <entry key="$USER_HOME$/Developer/Projects/dev/template_for_lamm" value="true" />
        <entry key="$USER_HOME$/Developer/Projects/dev/template_for_lamm_kotlin" value="true" />
        <entry key="$USER_HOME$/Developer/Projects/dev/template_for_lamm_kotlin/android_template_for_lamm_kotlin" value="true" />
        <entry key="$USER_HOME$/Developer/Projects/dev/template_for_lamm_kotlin/kotlin_android_template_for_lamm_kotlin" value="true" />
        <entry key="$USER_HOME$/Developer/Projects/example_w_android_studio" value="true" />
        <entry key="$USER_HOME$/Developer/Projects/library_architecture_mvvm_modify" value="true" />
        <entry key="$USER_HOME$/Developer/Projects/library_architecture_mvvm_modify_kotlin" value="true" />
        <entry key="$USER_HOME$/Developer/Projects/library_architecture_mvvm_modify_kotlin/lamm" value="true" />
        <entry key="$USER_HOME$/Developer/Projects/library_architecture_mvvm_modify_kotlin/lamm/example" value="true" />
        <entry key="$USER_HOME$/Developer/Projects/library_architecture_mvvm_modify_kotlin/library_architecture_mvvm_modify_kotlin" value="true" />
        <entry key="$USER_HOME$/Developer/Projects/library_architecture_mvvm_modify_kotlin/library_architecture_mvvm_modify_kotlin/example" value="true" />
        <entry key="$USER_HOME$/Developer/Projects/overlay_windows_plugin" value="true" />
        <entry key="$USER_HOME$/Developer/Projects/template_for_lamm" value="true" />
        <entry key="$USER_HOME$/Developer/Projects/template_for_lamm_kotlin" value="true" />
        <entry key="$USER_HOME$/Developer/Projects/template_for_lamm_kotlin/android_template_for_lamm_kotlin" value="true" />
        <entry key="$USER_HOME$/Developer/Projects/template_for_lamm_kotlin/android_template_for_lamm_kotlin/app" value="true" />
        <entry key="$USER_HOME$/Developer/Projects/test_lamm" value="true" />
      </map>
    </option>
  </component>
  <component name="Trusted.Paths.Settings">
    <option name="TRUSTED_PATHS">
      <list>
        <option value="$USER_HOME$/Developer" />
      </list>
    </option>
  </component>
</application>