<application>
  <component name="UpdatesConfigurable">
    <ignoredBuildNumbers>
      <item value="221.6008.13.2211.9514443" />
      <item value="221.6008.13.2211.9619390" />
      <item value="222.4459.24.2221.9971841" />
      <item value="223.8836.35.2231.11005911" />
      <item value="232.10227.8.2321.11479570" />
    </ignoredBuildNumbers>
    <option name="LAST_BUILD_CHECKED" value="AI-243.24978.46.2431.13208083" />
    <option name="LAST_TIME_CHECKED" value="1745227195072" />
    <option name="OBSOLETE_CUSTOM_REPOSITORIES_CLEAN_NEEDED" value="false" />
    <option name="PLUGINS_AUTO_UPDATE" value="true" />
    <option name="THIRD_PARTY_PLUGINS_ALLOWED" value="true" />
  </component>
</application>