<application>
  <component name="ShowUsagesSettings">
    <option name="IS_FILTER_DUPLICATED_LINE" value="false" />
    <option name="GROUP_BY_FILE_STRUCTURE" value="true" />
    <option name="IS_SORT_MEMBERS_ALPHABETICALLY" value="true" />
  </component>
  <component name="UsageFilteringRuleState">
    <option value="com.intellij.usages.impl.rules.ImportUsageFilteringRule" />
  </component>
  <component name="UsageViewSettings">
    <option name="IS_EXPANDED" value="true" />
    <option name="GROUP_BY_MODULE" value="false" />
    <option name="GROUP_BY_PACKAGE" value="false" />
    <option name="GROUP_BY_USAGE_TYPE" value="false" />
    <option name="PREVIEW_USAGES_SPLITTER_PROPORTIONS" value="0.31439394" />
  </component>
</application>