<application>
  <component name="DimensionService">
    <location key="WELCOME_SCREEN.0.0.3024.1964@192dpi" x="1620" y="600" />
    <size key="GridCell.Tab.0.left.0.0.3024.1964@192dpi" width="2892" height="546" />
    <size key="GridCell.Tab.0.center.0.0.3024.1964@192dpi" width="2892" height="546" />
    <size key="GridCell.Tab.0.right.0.0.3024.1964@192dpi" width="2892" height="546" />
    <size key="GridCell.Tab.0.bottom.0.0.3024.1964@192dpi" width="2892" height="546" />
  </component>
  <component name="WindowManager">
    <frame x="0" y="32" width="1408" height="857" extendedState="6" />
  </component>
  <component name="WindowStateApplicationService">
    <state width="636" height="95" key="ShowUsagesActions.dimensionServiceKey" timestamp="1745157940344">
      <screen x="0" y="32" width="1512" height="857" />
    </state>
    <state width="636" height="95" key="ShowUsagesActions.dimensionServiceKey/0.32.1512.857" timestamp="1745157940344" />
    <state width="631" height="117" key="ShowUsagesActions.dimensionServiceKey/0.32.1512.860" timestamp="1742561721580" />
    <state width="925" height="95" key="ShowUsagesActions.dimensionServiceKey/0.32.1512.876" timestamp="1738070339901" />
    <state width="944" height="95" key="ShowUsagesActions.dimensionServiceKey/0.32.1512.880" timestamp="1737287329504" />
    <state x="756" y="438" width="800" height="726" key="WELCOME_SCREEN" timestamp="1743592189220">
      <screen x="0" y="32" width="1512" height="857" />
    </state>
    <state x="756" y="438" width="800" height="726" key="WELCOME_SCREEN/0.32.1512.857" timestamp="1743592189220" />
    <state x="756" y="440" width="800" height="728" key="WELCOME_SCREEN/0.32.1512.860" timestamp="1742568444038" />
    <state x="756" y="441" width="800" height="731" key="WELCOME_SCREEN/0.32.1512.864" timestamp="1741194447131" />
    <state x="756" y="443" width="800" height="734" key="WELCOME_SCREEN/0.32.1512.868" timestamp="1740284789572" />
    <state x="756" y="447" width="800" height="740" key="WELCOME_SCREEN/0.32.1512.876" timestamp="1738511546359" />
    <state x="756" y="448" width="800" height="743" key="WELCOME_SCREEN/0.32.1512.880" timestamp="1736843136853" />
    <state x="515" y="387" key="ide.config.custom.settings" timestamp="1741720088100">
      <screen x="0" y="32" width="1512" height="860" />
    </state>
    <state x="515" y="387" key="ide.config.custom.settings/0.32.1512.860" timestamp="1741720088100" />
    <state x="356" y="112" width="800" height="662" key="new project wizard" timestamp="1740169943112">
      <screen x="0" y="32" width="1512" height="868" />
    </state>
    <state x="356" y="112" width="800" height="662" key="new project wizard/0.32.1512.868" timestamp="1740169943112" />
  </component>
</application>